,Job,Create,Start
0,a01,2023-10-15 10:08:54,2023-10-15 10:10:00
1,a02,2023-10-15 09:54:24,2023-10-15 09:54:24
2,a03,2023-10-15 09:56:22,2023-10-15 09:57:12
3,a04,2023-10-15 09:55:18,2023-10-15 09:55:29
4,a05,2023-10-15 09:57:24,2023-10-15 09:58:19
5,a06,2023-10-15 10:02:38,2023-10-15 10:03:32
6,a07,2023-10-15 10:03:44,2023-10-15 10:04:48
7,a08,2023-10-15 09:53:06,2023-10-15 09:53:06
8,a09,2023-10-15 09:59:46,2023-10-15 10:00:42
9,a10,2023-10-15 10:00:54,2023-10-15 10:02:26
10,b01,2023-10-15 10:10:10,2023-10-15 10:10:10
11,b02,2023-10-15 09:58:31,2023-10-15 09:59:34
12,b03,2023-10-15 10:04:59,2023-10-15 10:05:55
13,b04,2023-10-15 10:08:00,2023-10-15 10:08:45
14,b05,2023-10-15 10:06:17,2023-10-15 10:07:39
15,b06,2023-10-15 10:06:08,2023-10-15 10:06:08
16,b07,2023-10-15 10:07:51,2023-10-15 10:07:51
17,b08,2023-10-15 09:50:13,2023-10-15 09:50:13
18,b09,2023-10-15 09:52:00,2023-10-15 09:52:00
19,b10,2023-10-15 09:51:02,2023-10-15 09:51:02
